Dish Name,Ingredients (Tagalog),Instructions,Image Name,Cooking Time
Adobong Manok,"Manok, bawang, sibuyas, toyo, suka, laurel, paminta, asin, mantika","Igisa ang bawang at sibuyas sa mantika hanggang magkulay ginto. Idagdag ang manok at lutuin hanggang mag-brown. Ihalo ang toyo, suka, laurel, paminta, at asin. Lutuin hanggang lumambot ang manok at magsabaw.",adobong_manok.jpg,1 oras
Adobong Baboy,"Baboy, bawang, sibuyas, toyo, suka, laurel, paminta, asin, mantika","Igisa ang bawang at sibuyas sa mantika. Idagdag ang baboy at lutuin hanggang mag-brown. Haluin ang toyo, suka, laurel, paminta, at asin. Lutuin hanggang lumambot at magsabaw.",adobong_baboy.jpg,1.5 oras
Sinigang na Baboy,"Baboy, sampalok, sibuyas, kamatis, labanos, kangkong, sili, paminta, asin, tubig","Pakuluan ang baboy sa tubig hanggang lumambot. Idagdag ang sibuyas at kamatis, lutuin hanggang lumambot ang sibuyas. Idagdag ang sampalok, labanos, kangkong, sili, paminta, at asin. Lutuin hanggang sa maging maasim at malasa.",sinigang_na_baboy.jpg,1.5 oras
Kare-Kare,"Baka, bagoong, peanut butter, sitaw, talong, kalabasa, sibuyas, bawang, paminta, asin, mantika","Igisa ang bawang at sibuyas sa mantika. Idagdag ang baka at lutuin hanggang mag-brown. Haluin ang peanut butter, lutuin hanggang sa magsabaw. Idagdag ang sitaw, talong, kalabasa, paminta, asin, at bagoong. Lutuin hanggang maluto.",kare-kare.jpg,2 oras
Lechon Kawali,"Baboy (pata), bawang, paminta, asin, tubig, mantika","Pakuluan ang baboy sa tubig kasama ang bawang, paminta, at asin hanggang lumambot. Hayaang matuyo at i-prito sa mainit na mantika hanggang maging crispy.",lechon_kawali.jpg,1.5 oras
Lumpiang Shanghai,"Ground pork, bawang, sibuyas, carrots, singkamas, itlog, lumpia wrapper, asin, paminta, mantika","Igisa ang bawang at sibuyas, idagdag ang ground pork, lutuin hanggang mag-brown. Idagdag ang carrots at singkamas, lutuin hanggang maluto. Haluin ang itlog at asin, paminta. Balutin sa lumpia wrapper at i-prito sa mainit na mantika.",lumpiang_shanghai.jpg,30 minuto
Pancit Canton,"Pancit canton noodles, baboy, hipon, carrots, repolyo, sibuyas, bawang, toyo, asin, paminta, mantika","Igisa ang bawang at sibuyas sa mantika, idagdag ang baboy at hipon, lutuin hanggang mag-brown. Idagdag ang carrots at repolyo, lutuin hanggang maluto. Idagdag ang pancit canton, toyo, asin, at paminta. Haluin hanggang maghalo at luto.",pancit_canton.jpg,30 minuto
Pancit Bihon,"Pancit bihon noodles, baboy, hipon, carrots, repolyo, sibuyas, bawang, toyo, asin, paminta, mantika","Igisa ang bawang at sibuyas sa mantika, idagdag ang baboy at hipon, lutuin hanggang mag-brown. Idagdag ang carrots at repolyo, lutuin hanggang maluto. Idagdag ang pancit bihon, toyo, asin, at paminta. Haluin hanggang maghalo at luto.",pancit_bihon.jpg,30 minuto
Ginataang Baka,"Baka, gata ng niyog, sibuyas, bawang, luya, talong, sitaw, paminta, asin, mantika","Igisa ang bawang, sibuyas, at luya sa mantika. Idagdag ang baka, lutuin hanggang mag-brown. Idagdag ang gata ng niyog, lutuin hanggang magsabaw. Idagdag ang talong, sitaw, paminta, at asin. Lutuin hanggang lumambot ang baka.",ginataang_baka.jpg,1.5 oras
Ginataang Manok,"Manok, gata ng niyog, sibuyas, bawang, luya, sitaw, talong, paminta, asin, mantika","Igisa ang bawang, sibuyas, at luya sa mantika. Idagdag ang manok, lutuin hanggang mag-brown. Idagdag ang gata ng niyog, lutuin hanggang magsabaw. Idagdag ang sitaw, talong, paminta, at asin. Lutuin hanggang maluto ang manok.",ginataang_manok.jpg,1 oras
Chicken Curry,"Manok, curry powder, gata ng niyog, sibuyas, bawang, patatas, carrots, paminta, asin, mantika","Igisa ang bawang at sibuyas sa mantika. Idagdag ang manok, lutuin hanggang mag-brown. Idagdag ang curry powder at gata ng niyog, lutuin hanggang magsabaw. Idagdag ang patatas at carrots, paminta, at asin. Lutuin hanggang malambot ang manok.",chicken_curry.jpg,1.5 oras
Crispy Pata,"Baboy (pata), bawang, paminta, asin, tubig, mantika","Pakuluan ang baboy sa tubig kasama ang bawang, paminta, at asin hanggang lumambot. Hayaang matuyo at i-prito sa mainit na mantika hanggang maging crispy.",crispy_pata.jpg,2 oras
Balut,"Itlog ng pato, asin, paminta","Pakuluan ang itlog ng pato hanggang maluto. Hayaang palamig, balatan, at timplahan ng asin at paminta bago kainin.",balut.jpg,30 minuto
Isaw,"Isaw ng manok, bawang, suka, toyo, asin, paminta, mantika","Hugasan ang isaw at i-marinate sa bawang, suka, toyo, asin, at paminta. I-prito sa mainit na mantika hanggang maging crispy.",isaw.jpg,30 minuto
Palaka,"Palaka, bawang, sibuyas, toyo, paminta, asin, mantika","Igisa ang bawang at sibuyas sa mantika, idagdag ang palaka, lutuin hanggang mag-brown. Idagdag ang toyo, paminta, at asin. Lutuin hanggang maluto.",palaka.jpg,1 oras
Puto,"Bigas na harina, asukal, baking powder, gatas, itlog, mantika","Haluin ang bigas na harina, asukal, baking powder, at gatas. Idagdag ang itlog at mantika. I-steam sa loob ng hulmahang may mantika hanggang maging malambot.",puto.jpg,30 minuto
Bibingka,"Bigas na harina, asukal, itlog, gatas, levadura, mantika, keso, niyog","Haluin ang bigas na harina, asukal, itlog, gatas, at levadura. Idagdag ang mantika. I-bake sa oven sa hulmahang may mantika, idagdag ang keso at niyog, hanggang maging golden brown.",bibingka.jpg,1 oras
Bicol Express,"Baboy, gata ng niyog, sili, bagoong, bawang, sibuyas, paminta, asin, mantika","Igisa ang bawang at sibuyas sa mantika. Idagdag ang baboy, lutuin hanggang mag-brown. Idagdag ang gata ng niyog at bagoong, lutuin hanggang magsabaw. Idagdag ang sili, paminta, at asin. Lutuin hanggang lumambot ang baboy.",bicol_express.jpg,1 oras
Laing,"Dahon ng gabi, gata ng niyog, bagoong, bawang, sibuyas, paminta, asin","Igisa ang bawang at sibuyas sa mantika. Idagdag ang gata ng niyog at bagoong, lutuin hanggang magsabaw. Idagdag ang dahon ng gabi, paminta, at asin. Lutuin hanggang maluto ang dahon ng gabi.",laing.jpg,1 oras
Pritong Isda,"Isda, bawang, paminta, asin, mantika","Timplahan ang isda ng bawang, paminta, at asin. I-prito sa mainit na mantika hanggang maging crispy at golden brown.",pritong_isda.jpg,30 minuto
Paksiw na Lechon,"Lechon, suka, bawang, sibuyas, paminta, asin, laurel, mantika","Igisa ang bawang at sibuyas sa mantika. Idagdag ang lechon, suka, paminta, asin, at laurel. Lutuin hanggang lumambot at magsabaw.",paksiw_na_lechon.jpg,1 oras
Pork Binagoongan,"Baboy, bagoong, bawang, sibuyas, paminta, asin, mantika","Igisa ang bawang at sibuyas sa mantika. Idagdag ang baboy, lutuin hanggang mag-brown. Idagdag ang bagoong, paminta, at asin. Lutuin hanggang mag-brown at lumambot ang baboy.",pork_binagoongan.jpg,1 oras
Monggo,"Monggo beans, baboy, bawang, sibuyas, kamatis, paminta, asin, mantika","Pakuluan ang monggo beans hanggang lumambot. Igisa ang bawang at sibuyas sa mantika. Idagdag ang baboy at lutuin hanggang mag-brown. Idagdag ang monggo beans, kamatis, paminta, at asin. Lutuin hanggang maghalo at malasa.",monggo.jpg,1 oras
Tapsilog,"Beef tapa, bawang, asin, paminta, suka, itlog, sinangag, mantika","Marinade ang beef tapa sa bawang, asin, paminta, at suka. I-prito ang beef tapa sa mainit na mantika hanggang mag-brown. Magluto ng itlog at sinangag. Ihain ang lahat ng sabay-sabay.",tapsilog.jpg,30 minuto
Dinuguan,"Baboy (atay, laman, dugo), bawang, sibuyas, paminta, asin, suka, mantika","Igisa ang bawang at sibuyas sa mantika. Idagdag ang baboy, lutuin hanggang mag-brown. Idagdag ang dugo, suka, paminta, at asin. Lutuin hanggang magsabaw at malasa.",dinuguan.jpg,1 oras
Chopsuey,"Baboy, hipon, carrots, repolyo, sitaw, bawang, sibuyas, toyo, paminta, asin, mantika","Igisa ang bawang at sibuyas sa mantika. Idagdag ang baboy at hipon, lutuin hanggang mag-brown. Idagdag ang carrots, repolyo, sitaw, toyo, paminta, at asin. Lutuin hanggang maluto.",chopsuey.jpg,30 minuto
Sotanghon,"Sotanghon noodles, baboy, hipon, carrots, repolyo, sibuyas, bawang, toyo, paminta, asin, mantika","Igisa ang bawang at sibuyas sa mantika. Idagdag ang baboy at hipon, lutuin hanggang mag-brown. Idagdag ang carrots at repolyo, lutuin hanggang maluto. Idagdag ang sotanghon noodles, toyo, paminta, at asin. Haluin hanggang maghalo.",sotanghon.jpg,30 minuto
Halabos na Hipon,"Hipon, bawang, mantika, paminta, asin","Igisa ang bawang sa mantika hanggang mag-golden brown. Idagdag ang hipon, lutuin hanggang mag-pink. Timplahan ng paminta at asin, haluin hanggang maghalo at maluto.",halabos_na_hipon.jpg,20 minuto
Pochero,"Baboy, patatas, carrots, repolyo, saging na saba, tomato sauce, bawang, sibuyas, paminta, asin, mantika","Igisa ang bawang at sibuyas sa mantika. Idagdag ang baboy, lutuin hanggang mag-brown. Idagdag ang tomato sauce, patatas, carrots, repolyo, at saging na saba. Lutuin hanggang lumambot at magsabaw.",pochero.jpg,1.5 oras
La Paz Batchoy,"Baboy, atay, noodles, chicharr—n, sibuyas, bawang, paminta, asin, suka","Igisa ang bawang at sibuyas sa mantika. Idagdag ang baboy at atay, lutuin hanggang mag-brown. Idagdag ang noodles, paminta, asin, at suka. Lutuin hanggang maluto. Top with chicharr—n.",la_paz_batchoy.jpg,1 oras
Pancit Habhab,"Pancit habhab noodles, baboy, bawang, sibuyas, repolyo, toyo, paminta, asin, mantika","Igisa ang bawang at sibuyas sa mantika. Idagdag ang baboy, lutuin hanggang mag-brown. Idagdag ang pancit habhab, repolyo, toyo, paminta, at asin. Haluin hanggang maghalo at maluto.",pancit_habhab.jpg,30 minuto
Ginataang Langka,"Langka, gata ng niyog, baboy, sibuyas, bawang, paminta, asin, mantika","Igisa ang bawang at sibuyas sa mantika. Idagdag ang baboy at lutuin hanggang mag-brown. Idagdag ang gata ng niyog at langka, paminta, at asin. Lutuin hanggang lumambot ang langka.",ginataang_langka.jpg,1 oras
Adobong Baboy sa Gata,"Baboy, gata ng niyog, bawang, sibuyas, toyo, suka, paminta, asin, laurel, mantika","Igisa ang bawang at sibuyas sa mantika. Idagdag ang baboy at lutuin hanggang mag-brown. Idagdag ang toyo, suka, laurel, paminta, at asin. Idagdag ang gata ng niyog, lutuin hanggang lumambot ang baboy at magsabaw.",adobong_baboy_sa_gata.jpg,1.5 oras
Bagnet,"Baboy, bawang, paminta, asin, tubig, mantika","Pakuluan ang baboy sa tubig kasama ang bawang, paminta, at asin hanggang lumambot. Hayaang matuyo at i-prito sa mainit na mantika hanggang maging crispy.",bagnet.jpg,2 oras
Tofu Sisig,"Tofu, sibuyas, bawang, sili, toyo, paminta, asin, mantika","Igisa ang bawang at sibuyas sa mantika. Idagdag ang tofu at lutuin hanggang mag-brown. Idagdag ang sili, toyo, paminta, at asin. Lutuin hanggang maghalo at malasa.",tofu_sisig.jpg,30 minuto
Pinakbet,"Baboy, bagoong, sitaw, talong, kalabasa, kamatis, sibuyas, bawang, paminta, asin, mantika","Igisa ang bawang at sibuyas sa mantika. Idagdag ang baboy at lutuin hanggang mag-brown. Idagdag ang kamatis, bagoong, sitaw, talong, at kalabasa. Timplahan ng paminta at asin, lutuin hanggang maluto ang mga gulay.",pinakbet.jpg,1 oras
Lumpiang Gulay,"Carrots, repolyo, singkamas, sibuyas, bawang, lumpia wrapper, asin, paminta, mantika","Igisa ang bawang at sibuyas, idagdag ang carrots, repolyo, at singkamas, lutuin hanggang maluto. Timplahan ng asin at paminta. Balutin sa lumpia wrapper at i-prito sa mainit na mantika hanggang maging golden brown.",lumpiang_gulay.jpg,30 minuto
Rellenong Manok,"Manok, pork ground, sibuyas, bawang, carrots, bell pepper, itlog, asin, paminta, mantika","I-remove ang buto ng manok at i-marinate. Igisa ang bawang at sibuyas sa mantika, idagdag ang pork ground, carrots, at bell pepper, lutuin hanggang mag-brown. I-stuff ang mixture sa loob ng manok, i-prito hanggang maging golden brown.",rellenong_manok.jpg,1.5 oras
Sizzling Pork Chop,"Pork chop, bawang, paminta, asin, soy sauce, sibuyas, bell pepper, mantika","Marinade ang pork chop sa bawang, paminta, asin, at soy sauce. I-grill o i-prito sa mantika hanggang mag-brown. Ihain sa sizzling plate kasama ang sibuyas at bell pepper.",sizzling_pork_chop.jpg,30 minuto
Bopis,"Atay ng baboy, baga, bawang, sibuyas, paminta, asin, suka, bell pepper","Igisa ang bawang at sibuyas sa mantika. Idagdag ang atay ng baboy at baga, lutuin hanggang mag-brown. Idagdag ang suka, paminta, at asin. Lutuin hanggang maghalo. Idagdag ang bell pepper bago ihain.",bopis.jpg,1 oras
Binatog,"Binatog (corn), asin, gata ng niyog","Pakuluan ang binatog, idagdag ang asin. I-serve na may gata ng niyog.",binatog.jpg,30 minut
Inihaw na Baboy,"Baboy, bawang, asin, paminta, suka, mantika","Marinade ang baboy sa bawang, asin, paminta, at suka. I-grill sa mainit na uling hanggang mag-brown at maluto.",inihaw_na_baboy.jpg,1 oras
Chopsuey na Pritong Isda,"Isda, baboy, carrots, repolyo, sitaw, bawang, sibuyas, toyo, paminta, asin, mantika","Igisa ang bawang at sibuyas sa mantika, idagdag ang baboy, lutuin hanggang mag-brown. Idagdag ang isda, carrots, repolyo, at sitaw. Timplahan ng toyo, paminta, at asin. Lutuin hanggang maluto.",chopsuey_na_pritong_isda.jpg,30 minuto
Ginisang Munggo,"Munggo, baboy, bawang, sibuyas, kamatis, paminta, asin, mantika","Pakuluan ang munggo hanggang lumambot. Igisa ang bawang at sibuyas sa mantika, idagdag ang baboy, lutuin hanggang mag-brown. Idagdag ang munggo, kamatis, paminta, at asin. Lutuin hanggang maghalo at malasa.",ginisang_munggo.jpg,1 oras
Suman,"Bigas, gata ng niyog, asukal, dahon ng saging","Haluin ang bigas, gata ng niyog, at asukal. Balutin sa dahon ng saging at i-steam hanggang maluto.",suman.jpg,1 oras
Embutido,"Ground pork, itlog, bawang, sibuyas, carrots, bell pepper, raisins, cheese, asin, paminta, suka","Haluin ang ground pork, itlog, bawang, sibuyas, carrots, bell pepper, raisins, cheese, asin, paminta, at suka. I-wrap sa aluminum foil at i-steam o i-bake hanggang maluto.",embutido.jpg,1.5 oras
Bistek Tagalog,"Baka, bawang, sibuyas, toyo, calamansi, paminta, asin, mantika","Igisa ang bawang at sibuyas sa mantika. Idagdag ang baka at lutuin hanggang mag-brown. Idagdag ang toyo, calamansi, paminta, at asin. Lutuin hanggang lumambot ang baka.",bistek_tagalog.jpg,1 oras
Sinigang na Baboy sa Bayabas,"Baboy, bayabas, sibuyas, kamatis, labanos, kangkong, paminta, asin, tubig","Pakuluan ang baboy sa tubig hanggang lumambot. Idagdag ang sibuyas, kamatis, at bayabas, lutuin hanggang lumambot ang sibuyas. Idagdag ang labanos, kangkong, paminta, at asin. Lutuin hanggang mag-amoy bayabas at malasa.",sinigang_na_baboy_sa_bayabas.jpg,1.5 oras
Ginisang Ampalaya,"Ampalaya, baboy, bawang, sibuyas, paminta, asin, mantika","Igisa ang bawang at sibuyas sa mantika. Idagdag ang baboy, lutuin hanggang mag-brown. Idagdag ang ampalaya, paminta, at asin. Lutuin hanggang maluto ang ampalaya.",ginisang_ampalaya.jpg,30 minuto
Tinola,"Manok, luya, bawang, sibuyas, papaya, malunggay, paminta, asin, tubig","Pakuluan ang manok sa tubig kasama ang luya, bawang, at sibuyas. Idagdag ang papaya, lutuin hanggang malambot. Idagdag ang malunggay, paminta, at asin. Lutuin hanggang maghalo at malasa.",tinola.jpg,1 oras
Maja Blanca,"Cornstarch, gata ng niyog, asukal, gatas, vanilla extract","Haluin ang cornstarch, gata ng niyog, asukal, gatas, at vanilla extract. I-steam sa loob ng hulmahang may mantika hanggang magsalimuot. Hayaang lumamig at hiwain.",maja_blanca.jpg,1.5 oras
Arroz Caldo,"Bigas, manok, bawang, luya, sibuyas, paminta, asin, tubig, mantika","Igisa ang bawang, luya, at sibuyas sa mantika. Idagdag ang manok at lutuin hanggang mag-brown. Idagdag ang bigas at tubig, lutuin hanggang maging malapot. Timplahan ng paminta at asin.",arroz_caldo.jpg,1 oras
Daing na Bangus,"Bangus, suka, bawang, paminta, asin, asin","Marinade ang bangus sa suka, bawang, paminta, at asin. I-prito o i-grill hanggang mag-crispy.",daing_na_bangus.jpg,1 oras
Buko Salad,"Buko, gatas, condensed milk, asukal, nata de coco, fruit cocktail","Haluin ang buko, gatas, condensed milk, asukal, nata de coco, at fruit cocktail. Ihain na malamig.",buko_salad.jpg,20 minuto
Chicken Tinola,"Manok, luya, sibuyas, bawang, papaya, malunggay, paminta, asin, tubig","Pakuluan ang manok sa tubig kasama ang luya, sibuyas, at bawang. Idagdag ang papaya at lutuin hanggang malambot. Idagdag ang malunggay, paminta, at asin. Lutuin hanggang maghalo at malasa.",chicken_tinola.jpg,1 oras
Lata na Paborito,"Lata, bawang, sibuyas, toyo, paminta, asin, mantika","Igisa ang bawang at sibuyas sa mantika. Idagdag ang lata, lutuin hanggang mag-brown. Idagdag ang toyo, paminta, at asin. Lutuin hanggang maghalo at malasa.",lata_na_paborito.jpg,30 minuto
Kutsinta,"Bigas na harina, asukal, tubig, lye water, gata ng niyog","Haluin ang bigas na harina, asukal, tubig, at lye water. I-steam sa hulmahang may mantika hanggang maluto.",kutsinta.jpg,30 minuto
Baked Macaroni,"Macaroni, ground beef, tomato sauce, gatas, keso, bawang, sibuyas, paminta, asin","Lutuin ang macaroni ayon sa pakete. Igisa ang bawang at sibuyas sa mantika, idagdag ang ground beef at lutuin hanggang mag-brown. Idagdag ang tomato sauce, gatas, paminta, at asin. Ilagay ang mixture sa baking dish, top with keso, at i-bake.",baked_macaroni.jpg,1 oras
Grilled Pork Belly,"Pork belly, bawang, asin, paminta, toyo, suka, mantika","Marinade ang pork belly sa bawang, asin, paminta, toyo, at suka. I-grill hanggang mag-brown at maluto.",grilled_pork_belly.jpg,1 oras
Sisig na Baboy,"Baboy (liver, baga), bawang, sibuyas, sili, toyo, paminta, asin, mantika","Igisa ang bawang at sibuyas sa mantika. Idagdag ang baboy, lutuin hanggang mag-brown. Idagdag ang sili, toyo, paminta, at asin. Lutuin hanggang maghalo at malasa.",sisig_na_baboy.jpg,30 minuto
Pritong Baboy,"Baboy, bawang, paminta, asin, tubig, mantika","Pakuluan ang baboy sa tubig kasama ang bawang, paminta, at asin hanggang lumambot. Hayaang matuyo at i-prito sa mantika hanggang mag-crispy.",pritong_baboy.jpg,1.5 oras
Manggang Hilaw,"Mangga, bagoong, calamansi, paminta, asin","Hiwa-hiwain ang mangga, i-serve na may bagoong, calamansi, paminta, at asin.",manggang_hilaw.jpg,10 minuto
Chicken Afritada,"Manok, patatas, carrots, bell pepper, tomato sauce, bawang, sibuyas, paminta, asin, mantika","Igisa ang bawang at sibuyas sa mantika. Idagdag ang manok at lutuin hanggang mag-brown. Idagdag ang tomato sauce, patatas, carrots, bell pepper, paminta, at asin. Lutuin hanggang lumambot at mag-sabaw.",chicken_afritada.jpg,1 oras
Pancit Canton,"Pancit canton noodles, baboy, hipon, carrots, repolyo, bawang, sibuyas, toyo, paminta, asin, mantika","Igisa ang bawang at sibuyas sa mantika. Idagdag ang baboy at hipon, lutuin hanggang mag-brown. Idagdag ang carrots, repolyo, toyo, paminta, at asin. Idagdag ang pancit canton noodles, lutuin hanggang maghalo.",pancit_canton.jpg,30 minuto
Tapsilog na Pritong Isda,"Isda, bawang, asin, paminta, itlog, sinangag, mantika","Timplahan ang isda ng bawang, asin, at paminta. I-prito sa mantika hanggang mag-crispy. Magluto ng itlog at sinangag. Ihain ang lahat ng sabay-sabay.",tapsilog_na_pritong_isda.jpg,30 minuto
Chopsuey na Pritong Baboy,"Baboy, carrots, repolyo, sitaw, bawang, sibuyas, toyo, paminta, asin, mantika","Igisa ang bawang at sibuyas sa mantika. Idagdag ang baboy at lutuin hanggang mag-brown. Idagdag ang carrots, repolyo, at sitaw, lutuin hanggang maluto. Timplahan ng toyo, paminta, at asin.",chopsuey_na_pritong_baboy.jpg,30 minuto
Sinigang na Isda,"Isda, sibuyas, kamatis, labanos, kangkong, paminta, asin, tubig, sampalok mix","Pakuluan ang isda sa tubig kasama ang sibuyas, kamatis, at sampalok mix. Idagdag ang labanos at lutuin hanggang malambot. Idagdag ang kangkong, paminta, at asin. Lutuin hanggang maghalo at malasa.",sinigang_na_isda.jpg,1 oras
Goto,"Baka (tuwalya), bawang, luya, sibuyas, bagoong, paminta, asin, tubig","Pakuluan ang baka (tuwalya) sa tubig kasama ang bawang, luya, at sibuyas. Idagdag ang bagoong, paminta, at asin. Lutuin hanggang lumambot at magsabaw.",goto.jpg,2 oras
Pritong Manok,"Manok, bawang, paminta, asin, harina, mantika","Timplahan ang manok ng bawang, paminta, at asin. I-roll sa harina. I-prito sa mainit na mantika hanggang mag-crispy at golden brown.",pritong_manok.jpg,1 oras
Baked Salmon,"Salmon, bawang, lemon, paminta, asin, mantika","Timplahan ang salmon ng bawang, lemon, paminta, at asin. I-bake sa oven hanggang maluto.",baked_salmon.jpg,30 minuto
Ginataang Bilo-bilo,"Bilo-bilo (glutinous rice balls), sago pearls, gata ng niyog, asukal, prutas (sweet potato, jackfruit, bananas)","Pakuluan ang gata ng niyog at asukal. Idagdag ang bilo-bilo, sago pearls, at prutas. Lutuin hanggang lumambot ang bilo-bilo at maghalo ang mga sangkap.",ginataang_bilo_bilo.jpg,1 oras
Barbecue,"Baboy, bawang, toyo, suka, asukal, paminta, asin","Marinade ang baboy sa bawang, toyo, suka, asukal, paminta, at asin. I-grill hanggang mag-brown at maluto.",barbecue.jpg,1 oras
Bopis na Baboy,"Baboy (baga, atay), bawang, sibuyas, sili, toyo, paminta, asin, mantika","Igisa ang bawang at sibuyas sa mantika. Idagdag ang baboy (baga, atay) at lutuin hanggang mag-brown. Idagdag ang sili, toyo, paminta, at asin. Lutuin hanggang maghalo at malasa.",bopis_na_baboy.jpg,1 oras
Puto,"Bigas na harina, asukal, baking powder, gatas, itlog, vanilla extract","Haluin ang bigas na harina, asukal, baking powder, gatas, itlog, at vanilla extract. I-steam sa hulmahang may mantika hanggang maluto.",puto.jpg,30 minuto
Palitaw,"Malagkit na bigas, asukal, sesame seeds, tubig, coconut flakes","Haluin ang malagkit na bigas sa tubig. I-steam hanggang maluto. Pagkatapos, i-coat sa asukal at sesame seeds, ihain na may coconut flakes.",palitaw.jpg,30 minuto
Pochero sa Pinya,"Baboy, patatas, carrots, bell pepper, saging na saba, pineapple chunks, tomato sauce, bawang, sibuyas, paminta, asin","Igisa ang bawang at sibuyas sa mantika. Idagdag ang baboy at lutuin hanggang mag-brown. Idagdag ang tomato sauce, patatas, carrots, bell pepper, saging na saba, at pineapple chunks. Lutuin hanggang lumambot at mag-sabaw.",pochero_sa_pinya.jpg,1.5 oras
Suman sa Lihia,"Bigas na malagkit, lihia, gata ng niyog, asukal, dahon ng saging","Haluin ang bigas na malagkit, lihia, gata ng niyog, at asukal. Balutin sa dahon ng saging at i-steam hanggang maluto.",suman_sa_lihia.jpg,1 oras
Bistek na Baka,"Baka, bawang, sibuyas, toyo, calamansi, paminta, asin, mantika","Igisa ang bawang at sibuyas sa mantika. Idagdag ang baka at lutuin hanggang mag-brown. Idagdag ang toyo, calamansi, paminta, at asin. Lutuin hanggang lumambot ang baka.",bistek_na_baka.jpg,1 oras
Kare-Kare,"Baka, bagoong, peanut butter, patatas, carrots, sitaw, bawang, sibuyas, paminta, asin, mantika","Igisa ang bawang at sibuyas sa mantika. Idagdag ang baka at lutuin hanggang mag-brown. Idagdag ang peanut butter, bagoong, patatas, carrots, at sitaw. Timplahan ng paminta at asin. Lutuin hanggang lumambot at mag-sabaw.",kare_kare.jpg,1.5 oras
Pritong Tahu,"Tofu, bawang, asin, paminta, mantika","Timplahan ang tofu ng bawang, asin, at paminta. I-prito sa mantika hanggang mag-crispy.",pritong_tahu.jpg,20 minuto
Beef Caldereta,"Baka, tomato sauce, patatas, carrots, bell pepper, olives, bawang, sibuyas, paminta, asin, mantika","Igisa ang bawang at sibuyas sa mantika. Idagdag ang baka at lutuin hanggang mag-brown. Idagdag ang tomato sauce, patatas, carrots, bell pepper, at olives. Timplahan ng paminta at asin. Lutuin hanggang malambot at mag-sabaw.",beef_caldereta.jpg,1.5 oras
Pochero sa Baka,"Baka, patatas, carrots, bell pepper, saging na saba, tomato sauce, bawang, sibuyas, paminta, asin","Igisa ang bawang at sibuyas sa mantika. Idagdag ang baka at lutuin hanggang mag-brown. Idagdag ang tomato sauce, patatas, carrots, bell pepper, at saging na saba. Timplahan ng paminta at asin. Lutuin hanggang lumambot at mag-sabaw.",pochero_sa_baka.jpg,1.5 oras
Sinigang na Baboy sa Pakwan,"Baboy, pakwan, sibuyas, labanos, kangkong, paminta, asin, tubig","Pakuluan ang baboy sa tubig kasama ang sibuyas. Idagdag ang pakwan, labanos, at paminta. Lutuin hanggang malambot ang labanos. Idagdag ang kangkong at asin. Lutuin hanggang maghalo at mag-sabaw.",sinigang_na_baboy_sa_pakwan.jpg,1.5 oras
Kalabasa Curry,"Kalabasa, sibuyas, bawang, curry powder, gata, sabaw ng manok, asin at paminta, mantika","Igisa ang bawang, sibuyas, at kamatis hanggang lumambot. Idagdag ang baboy at lutuin hanggang magkulay kayumanggi. Idagdag ang kalabasa at patis. Lutuin ng ilang minuto. Lagyan ng tubig para matakpan ang mga sangkap. Pakuluan hanggang lumambot ang baboy at kalabasa.",kalabasa_curry.jpg,30 minuto
Adobong Pato,"Pato, toyo, suka, bawang, sibuyas, laurel, paminta, asukal, tubig, mantika","Sa isang kaldero, painitin ang mantika at igisa ang bawang at sibuyas hanggang sa mabango. Idagdag ang mga piraso ng pato at lutuin hanggang magkulay kayumanggi ang lahat ng panig. Ibuhos ang toyo at suka, pagkatapos ay idagdag ang dahon ng laurel at pamintang buo. Pakuluan, pagkatapos ay hinaan ang apoy at pakuluin ng mga 45 minuto hanggang isang oras o hanggang lumambot ang pato.",adobong_pato.jpg,45 minuto
Lechon Paksiw,"Tirang lechon, mang tomas, suka, toyo, bawang, laurel, asukal, asin at paminta","Sa isang kaldero, pagsamahin ang lechon sauce, suka, toyo, bawang, dahon ng laurel, asukal, asin, at paminta. Idagdag ang natirang lechon at pakuluin. Hinaan ang apoy at pakuluin hanggang lumapot ang sauce at lumambot ang baboy.",lechon_paksiw.jpg,30 minuto
Lechon Sinigang,"Tirang lechon, sampalok, kamatis, labanos, talong, sitaw, kangkong, tubig, patis, asin at paminta","Sa isang kaldero, pakuluin ang tubig at idagdag ang sampalok. Idagdag ang mga kamatis, labanos, talong, at sitaw. Lutuin hanggang lumambot ang mga gulay. Idagdag ang natirang lechon at hayaang kumulo ng ilang minuto. Timplahan ng patis, asin, at paminta. Idagdag ang kangkong at lutuin pa ng isang minuto.",lechon_sinigang.jpg,25 minuto
Rabong at Nilagang talong,"Rabong, talong, karne ng baboy, sibuyas, bawang, kamatis, tubig, toyo, mantika, asin at paminta","Painitin ang mantika sa isang kaldero. Igisa ang bawang, sibuyas, at kamatis hanggang lumambot. Idagdag ang baboy at lutuin hanggang magkulay kayumanggi. Ibuhos ang tubig o sabaw at pakuluin. Pakuluin hanggang lumambot ang karne. Idagdag ang labong at talong. Lutuin hanggang lumambot ang mga gulay.",rabong_at_nilagang_talong.jpg,10 minuto
Rabong Curry,"Rabong, manok, sibuyas, bawang, curry powder, gata, patatas, mantika, asin at paminta",Painitin ang mantika sa isang kaldero. Igisa ang bawang at sibuyas hanggang sa mabango.Idagdag ang manok at lutuin hanggang magkulay kayumanggi. Ihalo ang curry powder at lutuin ng 2 minuto. Idagdag ang gata ng niyog at patatas. Pakuluin hanggang lumambot ang karne at patatas.,rabong_curry.jpg,45 minuto
Rabong Salad,"Rabong, kamatis, sibuyas, pipino, suka, patis, asukal, asin at paminta","Sa isang mangkok, pagsamahin ang labong, kamatis, sibuyas, at pipino. Sa isa pang mangkok, ihalo ang suka, patis, at asukal. Ibuhos ang dressing sa salad at haluing mabuti. Timplahan ng asin at paminta.",rabong_salad.jpg,None
Rabong with Beef Stir-Fry,"Rabong, beef sirloin, sibuyas, bawang, kabute, toyo, hoisin sauce, mantika, asin at paminta","Painitin ang mantika sa kawali. Igisa ang bawang at sibuyas hanggang sa mabango.Idagdag ang baka at lutuin hanggang magkulay kayumanggi. Idagdag ang kabute at labong. Igisa ng 5 minuto. Ihalo ang toyo at hoisin sauce.
Lutuin hanggang lumambot ang mga gulay.",rabong_with_beef_stir_fry.jpg,20 minuto
Rabong and Stir-Fry,"Rabong, hipon, sibuyas, bawang, toyo, oyster sauce, mantika, asin at paminta",Painitin ang mantika sa kawali. Igisa ang bawang at sibuyas hanggang sa mabango. Idagdag ang hipon at lutuin hanggang maging kulay rosas. Idagdag ang labong at bell pepper. Igisa ng 5 minuto. Ihalo ang toyo at oyster sauce. Lutuin hanggang lumambot ang mga gulay.,rabong_and_stir_fry.jpg,15 minuto
Rabong soup,"Baboy, rabong, sibuyas, kamatis, tubig, patis, labanos, sitaw, kangkong, asin at paminta","Sa isang kaldero, igisa ang sibuyas at kamatis hanggang lumambot. Idagdag ang baboy at lutuin hanggang magkulay kayumanggi. Ibuhos ang tubig at pakuluin. Pakuluan hanggang lumambot ang baboy. Idagdag ang labong, labanos, at sitaw. Lutuin hanggang lumambot ang mga gulay. Ihalo ang patis at idagdag ang kangkong o spinach. Lutuin pa ng ilang minuto.",rabong_soup.jpg,35 minuto
Rabong and Adobo,"Rabong, karne ng baboy, toyo, suka, sibuyas, bawang, laurel, tubig, mantika asin at paminta",Painitin ang mantika sa isang kaldero. Igisa ang bawang at sibuyas hanggang sa mabango. Idagdag ang baboy at lutuin hanggang magkulay kayumanggi. Ihalo ang toyo at suka. Lutuin ng 2 minuto. Idagdag ang tubig at dahon ng laurel. Pakuluin hanggang lumambot ang baboy. Idagdag ang labong at lutuin pa ng karagdagang 5-10 minuto.,rabong_and_adobo.jpg,30 minuto
Ampalaya Fritters,"Ampalaya, harina, cornstarch, itlog, tubig, baking powder, mantika, asin at paminta","Sa isang mangkok, paghaluin ang harina, cornstarch, baking powder, asin, at paminta. Idagdag ang itlog at malamig na tubig para gumawa ng batter. Ibabad ang mga hiwa ng ampalaya sa batter. Painitin ang mantika sa kawali o deep fryer. Iprito ang mga nababad na hiwa ng ampalaya hanggang maging gintong kayumanggi at crispy.",ampalaya_fritters.jpg,15 minuto
Ampalaya and Pork Adobo,"Ampalaya, karne ng baboy, toyo, suka, sibuyas, bawang, laurel, water, asin at paminta","I-marinate ang baboy sa toyo, suka, bawang, at dahon ng laurel ng hindi bababa sa 30 minuto. Painitin ang mantika sa isang kaldero. Igisa ang sibuyas hanggang maging translucent. Idagdag ang marinated na baboy at lutuin hanggang magkulay kayumanggi. Ibuhos ang tubig at pakuluin. Pakuluin hanggang lumambot ang baboy. Idagdag ang ampalaya at lutuin hanggang lumambot. Timplahan ng asin at paminta.",ampalaya_and_pork_adobo.jpg,20 minuto
Ampalaya with Ground Pork,"Ampalaya, karne ng baboy, sibuyas, bawang, kamatis, mantika, asin at paminta","Painitin ang mantika sa kawali. Igisa ang bawang, sibuyas, at kamatis hanggang lumambot. Idagdag ang giniling na baboy at lutuin hanggang magkulay kayumanggi. Idagdag ang ampalaya at lutuin ng 5-7 minuto hanggang lumambot. Ihalo ang toyo at timplahan ng asin at paminta.",ampalaya_with_ground_pork.jpg,30 minuto
Ampalaya and Pork Soup,"Ampalaya, karne ng baboy, sibuyas, bawang, kamatis, tubig, patis, asin at paminta","Sa isang kaldero, igisa ang bawang, sibuyas, at kamatis hanggang lumambot. Idagdag ang baboy at lutuin hanggang magkulay kayumanggi. Ibuhos ang tubig o sabaw at pakuluin. Pakuluin hanggang lumambot ang baboy.
Idagdag ang ampalaya at lutuin ng 5-7 minuto.",ampalaya_and_pork_soup.jpg,20 minuto
Ampalaya Stir-Fry with Tofu,"Ampalaya, tokwa, sibuyas, bawang, paminta, tubig, patis, asin at paminta","Painitin ang mantika sa kawali. Idagdag ang tofu cubes at lutuin hanggang maging gintong kayumanggi. Alisin at itabi. Sa parehong kawali, igisa ang bawang at sibuyas hanggang sa mabango. Idagdag ang bell pepper at ampalaya. Igisa ng 5-7 minuto hanggang lumambot ang mga gulay. Ibalik ang tofu sa kawali. Idagdag ang toyo at haluing mabuti.",ampalaya_stir_fry_tofu.jpg,30 minuto
Ampalaya with Eggs," Ampalaya, itlog, sibuyas, bawang, mantika, asin at paminta","Painitin ang mantika sa kawali. Igisa ang bawang at sibuyas hanggang maging mabango. Idagdag ang ampalaya at lutuin sa loob ng 5-7 minuto, o hanggang magsimulang lumambot. Ibuhos ang binating itlog sa ampalaya. Lutuin, haluin paminsan-minsan, hanggang maluto ang itlog. Timplahan ng asin at paminta.",ampalaya_with_eggs.jpg,15 minuto
Ampalaya Con Carne,"Ampalaya, karne ng baboy o baka, sibuyas, bawang, kamatis, sabaw, toyo mantika, asin at paminta",Painitin ang mantika sa kawali. Igisa ang bawang at sibuyas hanggang maging mabango. Idagdag ang baka at lutuin hanggang magkulay brown. Idagdag ang kamatis at lutuin hanggang lumambot. Ibuhos ang sabaw ng baka at toyo. Pakuluan hanggang lumambot ang baka.,ampalaya_con_carne,30 minuto
Coconut Curry Rice,"Kanin, gata, tubig, curry powder, asin","Banlawan ang kanin sa malamig na tubig. Sa isang kaldero, pagsamahin ang bigas, gata ng niyog, tubig, curry powder, at asin. Pakuluin, pagkatapos ay hinaan ang apoy at hayaan kumulo hanggang maluto ang bigas at maabsorb ang likido.",coconut_curry _rice,25 minuto
Coconut Rice,"Kanin, gata, toyo, bawang, sibuyas, kabute, manok o baboy","Ibabad ang rice noodles sa maligamgam na tubig hanggang lumambot. Salain at itabi. Painitin ang mantika sa kawali. Igisa ang bawang at sibuyas hanggang maging mabango. Idagdag ang mga kabute at lutong karne, at lutuin hanggang uminit nang husto. Ihalo ang gata ng niyog at toyo. Idagdag ang lutong bigas at noodles, at haluing mabuti.",coconut_rice.jpg,15 minuto
Corned Beef Fried Rice,"Lutong kanin, corned beef, sibuyas,  bawang, karots, toyo, mantika","Painitin ang mantika sa kawali. Igisa ang bawang at sibuyas hanggang maging mabango. Idagdag ang corned beef at lutuin hanggang magkulay brown. Idagdag ang mga gisantes at karot, at lutuin hanggang lumambot. Ihalo ang kanin at toyo. Lutuin, haluin paminsan-minsan, hanggang uminit nang husto ang kanin at medyo maging malutong.",corned_beef_fried_rice.jpg,15 minuto
Chicken Biryani,"Manok, kanin, plain yogurt, sibuyas, bawang, luya, biryani spices, sabaw ng manok, mantika, asin","I-marinate ang manok sa yogurt, bawang, luya, at pampalasa ng biryani nang hindi bababa sa 1 oras. Painitin ang mantika sa malaking kaldero. Igisa ang sibuyas hanggang maging kulay ginto. Alisin ang kalahati para gawing garnishing. Idagdag ang manok na minarinate sa kaldero at lutuin hanggang magkulay brown. Idagdag ang sabaw ng manok at pakuluin. Hinaan ang apoy at hayaan kumulo hanggang maluto ang manok. Banlawan ang basmati rice at idagdag sa kaldero. Lutuin hanggang lumambot ang bigas at maabsorb ang likido.",chicken_biryani.jpg,50 minuto
Sinangag na Kanin,"Tirang kanin, mantika, bawang, asin at paminta","Painitin ang mantika sa kawali sa katamtamang init. Igisa ang bawang hanggang maging kulay ginto at mabango. Idagdag ang natirang kanin, at durugin ang mga buo-buong kanin gamit ang spatula. I-prito ang kanin hanggang maging malutong at kulay ginto. Timplahan ng asin at paminta ayon sa panlasa.",sinangag_na_kanin.jpg,15 minuto
Biko,"Kaning malagkit, gata, asukal, asin, tubig","Banlawan ang malagkit na bigas sa malamig na tubig. Sa isang kaldero, pagsamahin ang bigas at tubig. Pakuluin, pagkatapos ay hinaan ang apoy at hayaan kumulo hanggang maluto ang bigas. Idagdag ang gata ng niyog, asukal na pula, at asin. Haluin at lutuin sa katamtamang init hanggang lumapot ang halo at maabsorb ng bigas ang gata. Ilipat sa isang pinaunang nilalangisan na lalagyan at hayaang lumamig bago hiwain sa mga parisukat.",biko.jpg,50 minuto
Champorado,"Kaning malagkit, cocoa powder, asukal, tubig, asin","Banlawan ang malagkit na bigas sa malamig na tubig. Sa isang kaldero, pakuluin ang tubig. Idagdag ang bigas at lutuin sa katamtamang init, hinahalo paminsan-minsan. Kapag luto na ang bigas at naabsorb na ang karamihan ng tubig, ihalo ang cocoa powder, asukal, at asin. Lutuin pa nang karagdagang 5-10 minuto hanggang lumapot ang halo. Kung nais, idagdag ang gatas para sa mas creamier na texture bago ihain.",champorado.jpg,20 minuto
Coconut Macaroons,"Buko, kondensada, harina, puti ng itlog, vanilla extract",,coconut_macaroons.jpg,15 minuto
Corn Soup,"Mais, karne ng manok o baboy, sibuyas, bawang, sabaw ng gulay, cornstarch, asin at paminta","Painitin ang mantika sa kaldero. Igisa ang bawang at sibuyas hanggang maging mabango. Idagdag ang karne at lutuin hanggang magkulay brown. Ibuhos ang sabaw at pakuluin. Idagdag ang mais at hayaan kumulo nang 10 minuto. Kung nais, palaputin ang sabaw gamit ang cornstarch na hinalo sa tubig. Timplahan ng asin at paminta.",corn_soup.jpg,20 minuto
Puto Pao,"Harina, asukal, baking powder, tubig, evaporada, mantika, itlog maalat, minatamis na pulang sitaw","Sa isang mangkok, pagsamahin ang harina, asukal, at baking powder. Idagdag ang tubig, evaporated milk, at mantika. Haluin hanggang maging makinis. Punuin ang mga mold ng puto ng kalahati ng batter, maglagay ng isang kutsara ng red bean paste at isang piraso ng salted egg, pagkatapos ay takpan ng higit pang batter. I-steam nang 15-20 minuto hanggang maluto.",puto_pao.jpg,20 minuto
Salted Egg and Tomato Salad,"Itlog maalat, kamatis, sibuyas, patis, asin at paminta","Sa isang mangkok, pagsamahin ang salted eggs, kamatis, at sibuyas. Timplahan ng patis, asin, at paminta.",salted_egg_and_tomato_salad.jpg,None
Egg Pie,"Pie crust, evaporada, asukal, itlog, vanilla extract,","Painitin ang oven sa 350°F (175°C). Sa isang mangkok, pagsamahin ang evaporated milk, asukal, itlog, at vanilla extract. Ibuhos ang halo sa pie crust. I-bake nang 45-50 minuto hanggang mag-set ang filling at maging kulay ginto ang ibabaw.",egg_pie.jpg,50 minuto
Maruya,"Saba banana, harina, asukal, itlog, tubig, mantika, powdered na asukal","Sa isang mangkok, pagsamahin ang harina, asukal, itlog, at tubig upang makagawa ng batter. Isawsaw ang mga hiwa ng saging sa batter. Painitin ang mantika sa kawali at i-prito ang mga hiwa ng saging hanggang maging kulay ginto. Budburan ng powdered sugar bago ihain.",maruya.jpg,15 minuto
Tortang Giniling ,"Karne ng baka o baboy, sibuyas, bawang, patatas, itlog, asin at paminta, mantika","Igisa ang bawang at sibuyas hanggang maging mabango. Idagdag ang giniling na karne at lutuin hanggang magkulay brown. Idagdag ang patatas at lutuin hanggang lumambot. Sa isang mangkok, batihin ang mga itlog at timplahan ng asin at paminta. Ihalo ang lutong karne at patatas sa binating itlog.",tortang_giniling.jpg,20 minuto
Kansi,"Karne ng baka, sibuyas, bawang, tanglad, siling berde, sinigang mix, puso ng saging, kangkong, asin at paminta, tubig","Pakuluan ang beef shank sa tubig hanggang lumambot. Alisin ang mga dumi sa ibabaw. Idagdag ang bawang, sibuyas, tanglad, at green chili peppers. Hayaan kumulo nang isang oras. Idagdag ang sinigang mix, puso ng saging, at kangkong. Lutuin hanggang lumambot ang mga gulay. Timplahan ng asin.",kansi.jpg,2 oras
Beef Pares,"Baka, sibuyas, bawang, toyo, oyster sauce, sabaw ng baka, asukal, sangke, mantika, asin at paminta","Igisa ang bawang at sibuyas hanggang maging mabango. Idagdag ang karne at lutuin hanggang magkulay brown. Ibuhos ang toyo, oyster sauce, at sabaw ng baka. Idagdag ang asukal at sangke. Hayaan kumulo hanggang lumambot ang karne. Ayusin ang timpla gamit ang asin at paminta. Ihain kasama ng kanin at sabaw ng baka.",beef_pares.jpg,1 oras
Lengua Estofado,"Dila ng baka, sibuyas, bawang, tomato sauce, sabaw ng baka, berdeng olibo, toyo, suka, laurel, patatas, karots, asin at paminta, mantika","Pakuluan ang ox tongue hanggang lumambot. Balatan at hiwain. Igisa ang bawang at sibuyas hanggang maging mabango. Idagdag ang hiniwang ox tongue at lutuin hanggang magkulay brown sa lahat ng panig. Ibuhos ang tomato sauce, sabaw ng baka, toyo, at suka. Idagdag ang bay leaves. Hayaan kumulo nang isang oras. Idagdag ang patatas, karot, at berdeng olibo. Lutuin hanggang lumambot ang mga gulay. Timplahan ng asin at paminta.",lengua_estofado.jpg,2 oras
Beef Morcon,"Karne ng baka, toyo, calamansi juice, hotdog, itlog, pipino, keso, karots, mantika, sibuyas, bawang,  tomato sauce, sabaw ng baka, asin at paminta","Ihiga ang mga hiwa ng karne at ilagay ang hotdog, nilutong itlog, pickles, keso, at mga stick ng karot sa gitna. I-roll nang mahigpit at itali gamit ang kitchen twine. Igisa ang bawang at sibuyas hanggang maging mabango. Idagdag ang mga beef rolls at lutuin hanggang magkulay brown sa lahat ng panig. Ibuhos ang tomato sauce at sabaw ng baka. Hayaan kumulo hanggang lumambot ang karne at lumapot ang sarsa. Timplahan ng asin at paminta.",beef_morcon.jpg,1.4 oras
Nilagang Baka,"Karne ng baka, sibuyas, patatas, mais, pechay, sitaw, asin at paminta, patis, tubig","Pakuluan ang karne sa tubig hanggang lumambot. Alisin ang mga dumi sa ibabaw. Idagdag ang sibuyas at patatas. Lutuin hanggang lumambot ang patatas. Idagdag ang mais at green beans. Lutuin pa ng ilang minuto.
Idagdag ang pechay at lutuin pa ng ilang minuto. Timplahan ng asin, paminta, at patis.",nilagang_baka.jpg,2 oras
Bistek Tagalog,"Karne ng baka, toyo, calamansi juice, sibuyas, bawang, mantika, asin at paminta","I-marinate ang karne sa toyo, calamansi juice, bawang, asin, at paminta nang hindi bababa sa 1 oras. Iprito ang mga piraso ng sibuyas sa mantika hanggang lumambot. Itabi. Sa parehong kawali, lutuin ang minarinate na karne hanggang magkulay brown at lumambot. Idagdag ang marinade at lutuin pa ng ilang minuto. Lagyan ng onion rings sa ibabaw.",bistek_tagalog.jpg,20 minuto
Beef Kare-Kare,"Karne ng baka, sibuyas, bawang, peanut butter, annatto oil, sabaw ng baka, talong, puso ng saging, sitaw, pechay, asin at paminta, bagoong","Pakuluan ang karne ng baka sa tubig hanggang lumambot. Itabi. Igisa ang bawang at sibuyas sa annatto oil hanggang maging mabango. Idagdag ang nilutong karne, peanut butter, at sabaw ng baka. Hayaan kumulo hanggang lumapot ang sarsa. Idagdag ang talong, puso ng saging, at sitaw. Lutuin hanggang lumambot ang mga gulay. Idagdag ang pechay at lutuin pa ng ilang minuto. Timplahan ng asin at paminta. Ihain kasama ng bagoong.",beef_kare_kare.jpg,2 oras
 Beef Salpicao,"Karne ng baka, bawang, toyo, worcestershire sauce, olibo, bater, asin at paminta","I-marinate ang karne sa toyo, Worcestershire sauce, asin, at paminta nang 30 minuto. Igisa ang bawang sa olive oil hanggang maging kulay ginto. Alisin ang bawang at itabi. Sa parehong kawali, magdagdag ng mantikilya at ang minarinate na karne. Lutuin hanggang magkulay brown. Ibalik ang bawang at lutuin pa ng ilang minuto.",beef_salpicao.jpg,15 minuto
Beef Sinigang ,"Karne ng baka, sibuyas, kamatis, labanos, talong, kangkong, siling berde, sinigang mix, asin at paminta, tubig","Pakuluan ang karne sa tubig hanggang lumambot. Alisin ang mga dumi sa ibabaw. Idagdag ang sibuyas, kamatis, at sinigang mix. Hayaan kumulo nang isang oras. Idagdag ang labanos, talong, at green chili peppers. Lutuin hanggang lumambot ang mga gulay. Idagdag ang kangkong at lutuin pa ng ilang minuto. Timplahan ng asin at patis.",beef_sinigang.jpg,2 oras
Beef Tapa,"Karne ng baka, toyo, calamansi juice, bawang, asukal, asin at paminta, mantika","I-marinate ang karne sa toyo, calamansi juice, bawang, asukal, asin, at paminta nang hindi bababa sa 1 oras. Painitin ang mantika sa kawali at lutuin ang karne hanggang magkulay brown at lumambot.",beef_tapa.jpg,1.3 oras
Beef Mechado,"Baka, sibuyas, bawang, tomato sauce, sabaw ng baka, patatas, karots, toyo, lemon juice, mantika, asin at paminta","I-marinate ang karne ng baka sa toyo at katas ng limon ng 30 minuto. Igisa ang bawang at sibuyas hanggang maging mabango. Idagdag ang marinadong karne ng baka at lutuin hanggang maging brown. Ibuhos ang tomato sauce at sabaw ng baka. Pakuluan hanggang sa lumambot ang karne. Idagdag ang patatas, karot, at bell pepper. Lutuin hanggang sa maging malambot ang mga gulay. Timplahan ng asin at paminta.",beef_mechado.jpg,1.3 oras
Bulalo,"Karne ng baka, sibuyas, bawang, mais, patatas, puso ng saging, pechay, patis, asin at paminta, tubig","Pakuluan ang shank ng baka sa tubig hanggang sa lumambot. Alisin ang mga bula. Idagdag ang bawang, sibuyas, at patis. Pakuluan ng isang oras. Idagdag ang mais, patatas, at puso ng saging. Lutuin hanggang sa maging malambot. Idagdag ang pechay at lutuin pa ng ilang minuto. Timplahan ng asin at paminta.",bulalo.jpg,2 oras
Beef Kaldereta,"Baka, sibuyas, bawang, liver spread, tomato sauce, sabaw ng baka, patatas, karots, pulang paminta, berdeng paminta, berdeng gisantes, toyo, ginadgad na keso, asin at paminta, mantika","Igisa ang bawang at sibuyas hanggang maging mabango. Idagdag ang karne ng baka at lutuin hanggang maging brown. Ibuhos ang tomato sauce, sabaw ng baka, at toyo. Pakuluan hanggang sa lumambot ang karne. Idagdag ang liver spread, patatas, at karot. Lutuin hanggang sa maging malambot ang mga gulay. Idagdag ang bell pepper, green peas, at gadgad na keso. Lutuin pa ng ilang minuto. Timplahan ng asin at paminta.",beef_kaldereta.jpg,1.4 oras
Langka at Gata,"Langka, gata, cream ng niyog, sibuyas,  bawang, luya, asin at paminta, mantika",,langka_at_gata.jpg,30 minuto
Lato Salad,"Lato, kamatis, sibuyas, pipino, suka, asin at paminta","Igisa ang bawang, sibuyas, at luya hanggang maging mabango. Idagdag ang langka at lutuin ng ilang minuto. Ibuhos ang gata ng niyog at pakuluan. Pakuluan hanggang sa lumambot ang langka.
Idagdag ang coconut cream at green chili peppers. Lutuin pa ng ilang minuto. Timplahan ng asin at paminta.",lato_salad.jpg,None
Lumpiang Sariwa,"Repolyo, karots, sitaw, tokwa, mani, lumpia wrappers, toyo, asukal, tubig, bawang, asin at paminta","Igisa ang bawang hanggang maging mabango.Idagdag ang mga gulay at tofu. Lutuin hanggang sa maging malambot. Timplahan ng asin at paminta. Maglagay ng isang kutsara ng timpla sa bawat lumpia wrapper at i-roll upang maikabit. Sa isang hiwalay na kawali, pagsamahin ang toyo, brown sugar, tubig, at bawang. Lutuin hanggang sa lumapot ang sarsa. Ihain ang lumpia kasama ang sarsa at dinikdik na mani.",lumpiang_sariwa.jpg,15 minuto
Lomi,"Lomi noodles, karne ng baboy, hipon, sibuyas, bawang, karot, repolyo, itlog, sabaw ng manok, toyo, gawgaw, asin at paminta, mantika","Igisa ang bawang at sibuyas hanggang maging mabango. Idagdag ang baboy at lutuin hanggang maging brown. Idagdag ang hipon at lutuin hanggang maging pink. Ibuhos ang sabaw ng manok at pakuluan. Idagdag ang lomi noodles, toyo, at mga gulay. Lutuin hanggang sa maging malambot ang noodles. Idagdag ang binatilyong itlog at timpla ng cornstarch. Lutuin hanggang sa lumapot ang sabaw. Timplahan ng asin at paminta.",lomi.jpg,30 minuto
Vegetable Kare-Kare,"Talong, sitaw, puso ng saging, pechay, sibuyas, bawang, peanut butter, sabaw ng gulay, annatto oil, asin at paminta, bagoong ","Igisa ang bawang at sibuyas sa annatto oil hanggang maging mabango. Idagdag ang vegetable broth at peanut butter. Pakuluan. Idagdag ang talong, sitaw, puso ng saging, at pechay. Lutuin hanggang sa maging malambot ang mga gulay.Timplahan ng asin at paminta. Ihain kasama ng bagoong.",vegetable_kare_kare.jpg,30 minuto
Adobong Gulay,"Talong, tokwa, kabute, sibuyas, bawang, toyo, suka, tubig, asin at paminta, mantika","Igisa ang bawang at sibuyas hanggang maging mabango. Idagdag ang talong, tofu, at kabute. Lutuin hanggang maging brown. Idagdag ang toyo, suka, tubig, at dahon ng laurel. Pakuluan hanggang sa maging malambot ang mga gulay. Timplahan ng asin at paminta.",adobong_gulay.jpg,30 minuto
Kilawing Puso ng Saging,"Puso ng saging, suka, sibuyas, bawang, ginadgad na buko, asin at paminta","Hugasan at hiwain ang puso ng saging. Pagsamahin ang suka, sibuyas, bawang, at sili. Idagdag ang hiniwang puso ng saging at gadgad na niyog. Haluin ng mabuti.
Timplahan ng asin at paminta. Palamigin bago ihain.",kilawing_puso_ng_saging.jpg,10 minuto
Valenciana,"Malagkit na kanin, gata, manok, karne, hipon, sibuyas, bawang, berdeng gisante, nilagang itlog, annatto oil, asin at paminta","Igisa ang bawang at sibuyas sa annatto oil hanggang maging mabango. Idagdag ang manok, baboy, at hipon. Lutuin hanggang maging brown. Idagdag ang gata ng niyog at pakuluan. Idagdag ang bigas at lutuin hanggang ma-absorb ng bigas ang likido. Idagdag ang bell pepper at green peas. Lutuin hanggang sa maging malambot.",valenciana.jpg,40 minuto
Vegetarian Pancit ,"Bihon, repolyo, karot, sibuyas, bawang, sabaw ng gulay, toyo, mantika, asin at paminta ayon sa panlasa",Igisa ang sibuyas at bawang hanggang bumango. Magdagdag ng gulay at lutuin hanggang sa lumambot. Ilagay ang sabaw ng gulay at toyo. Pakuluan ito. Ilagay ang bihon noodles at lutuin hanggang sa lumambot. Timplahan ng asin at paminta.,vegetarian_pancit.jpg,20 minuto
Chicken Soup,"Manok, water, malunggay, kalabasa, sitaw, sibuyas, bawang, asin at paminta","Pakuluan ang manok sa tubig hanggang maluto.
Idagdag ang sibuyas at bawang. Lutuin hanggang maging mabango. Idagdag ang kalabasa at sitaw. Lutuin hanggang maging malambot. Idagdag ang dahon ng malunggay. Lutuin pa ng ilang minuto. Timplahan ng asin at paminta.




",chicken_soup.jpg,40 minuto
Kilawin na Baboy,"Baboy, suka, sibuyas, bawang, sili, asin at paminta","Pakuluan at hiwain ang belly ng baboy. Pagsamahin ang suka, sibuyas, bawang, at sili. Idagdag ang hiniwang baboy at haluin ng mabuti. Timplahan ng asin at paminta. Palamigin bago ihain.",kilawin_na_baboy.jpg,1 oras
Vigan Longganisa,"Baboy, bawang, sukang Iloko, paprika, annatto powder, asin, paminta, longganisa casings","Sa isang malaking mangkok, pagsamahin ang lahat ng sangkap maliban sa casing ng sausage. Haluin ng mabuti. Ipasok ang timpla sa mga casing ng sausage at balutin upang makagawa ng mga link. Palamigin ng hindi bababa sa 12 oras bago lutuin. Para lutuin, pakuluan sa tubig hanggang maluto, pagkatapos ay igisa sa kawali hanggang maging ginintuang brown.",vigan_longganisa.jpg,30 minuto
Sinanglay na Kambing ,"Karne ng kambing, gata, sibuyas, bawang, luya, dahon ng saging, asin at paminta, mantika","Igisa ang bawang, sibuyas, at luya hanggang maging mabango. Idagdag ang karne ng kambing at lutuin hanggang maging brown. Idagdag ang gata ng niyog at green chili peppers. Pakuluan. Pakuluan hanggang sa lumambot ang karne. Balutin ang mga bahagi ng nilutong kambing sa dahon ng saging at talian gamit ang kitchen string. I-grill ang mga balot hanggang bahagyang masunog ang dahon ng saging. Ihain nang mainit.

",sinanglay_na_kambing.jpg,30 minuto
Igado,"Baboy, bawang, sibuyas, toyo, suka, bell pepper, patatas, karot, green peas","Igisa ang bawang at sibuyas hanggang maging mabango. Idagdag ang laman at atay ng baboy, lutuin hanggang maging brown. Idagdag ang toyo at suka, pakuluan sa loob ng 20-30 minuto. Ilagay ang patatas, karot, bell pepper, at green peas. Lutuin ng 10 minuto. Timplahan ng paminta. Hanguin at ihain.",igado.jpg,40 minuto
Inihaw na Isda,"Isda, asin, kalamansi, paminta, bawang","I-marinate ang isda sa kalamansi, bawang, asin, at paminta ng 30 minuto. I-ihaw ang isda hanggang maluto, mga 10-15 minuto bawat side. Hanguin at ihain kasama ng sawsawan.",inihaw_na_isda.jpg,20 minuto
Inun-Unan,"Isda, suka, bawang, luya, sibuyas, paminta, dahon ng laurel, sili","Ilagay ang isda sa isang kaserola kasama ang bawang, luya, sibuyas, paminta, dahon ng laurel, at sili. Ibuhos ang suka at pakuluan sa mahinang apoy ng 20-25 minuto. Hanguin at ihain.",inun_unan.jpg,20 minuto
Inatata,"Baboy, bawang, sibuyas, suka, toyo, paminta, asin","Igisa ang bawang at sibuyas sa isang kaserola. Idagdag ang baboy at lutuin hanggang maging brown. Ibuhos ang suka, toyo, asin, at paminta. Pakuluan ng 40-50 minuto hanggang lumambot ang baboy. Hanguin at ihain.",inatata.jpg,40 minuto
Inutak,"Malagkit na bigas, gata ng niyog, asukal ",Lutuing ang malagkit na bigas sa gata ng niyog at asukal hanggang maging malambot. Idagdag ang langka kung nais. Haluin ng mabuti. Ilagay sa isang bilao at ihain.,inutak.jpg,30 minuto
Inat-Inat,"Manok o karne ng baboy, puso ng saing, bawang, luya, suka, dahon ng laurel, asin, paminta","Igisa ang bawang at luya sa isang kaserola. Idagdag ang manok o baboy at lutuin hanggang maging brown. Ibuhos ang suka, asin, paminta, at dahon ng laurel at idagdag ang puso ng saging. Pakuluan ng 40-50 minuto hanggang lumambot ang karne. Hanguin at ihain.",inat_inat.jpg,30 minuto
Inat-Inatan,"Puso ng saging, suka, sibuyas, bawang, asin at paminta","Igisa ang bawang at sibuyas sa isang kaserola. Idagdag ang hiniwang puso ng saging at lutuin hanggang lumambot. Ibuhos ang suka, asin, at paminta. Pakuluan ng 20-25 minuto. Hanguin at ihain.",inat_inatan.jpg,25 minuto
Inaliman,"Alimasag, gata ng niyog, bawang, sibuyas, luya, sili, asin ","Pakuluan ang alimasag sa tubig hanggang maluto. Igisa ang bawang, sibuyas, at luya sa isang kaserola. Idagdag ang gata ng niyog at sili. Pakuluan. Ilagay ang alimasag at lutuin ng 10-15 minuto. Timplahan ng asin. Hanguin at ihain.",inaliman.jpg,30 minuto
Tinapa,"Isdang tamban, asin, suka, uling",I-marinate ang isda sa asin at suka ng ilang oras. Patuyuin ang isda at saka i-usok sa ibabaw ng uling o kahoy hanggang maluto. Hanguin at ihain kasama ng sinangag at itlog.,tinapa.jpg,2 oras
Tinolang Tahong,"Tahong, bawang, sibuyas, luya, dahon ng sili, asin, paminta, tubig","Igisa ang bawang, sibuyas, at luya sa isang kaserola. Idagdag ang tahong at lutuin hanggang mag-open ang mga shells. Ibuhos ang tubig at pakuluan ng 10-15 minuto. Ilagay ang dahon ng sili, asin, at paminta. Hanguin at ihain.",tinolang_tahong.jpg,20 minuto
Tinolang Isda,"Isda, bawang, sibuyas, luya, papaya, dahon ng sili, asin, paminta, tubig","Igisa ang bawang, sibuyas, at luya sa isang kaserola. Idagdag ang isda at lutuin ng ilang minuto. Ibuhos ang tubig at pakuluan ng 10-15 minuto. Ilagay ang sayote o papaya, dahon ng sili, asin, at paminta. Lutuin ng 5-10 minuto. Hanguin at ihain.",tinolang_isda.jpg,30 minuto
Tinumok,"Alimasag, gata ng niyog, dahon ng gabi, bawang, sibuyas, luya, sili, asin, paminta ","Balutin ang alimasag o hipon sa dahon ng gabi. Igisa ang bawang, sibuyas, at luya sa isang kaserola. Ilagay ang mga binalot na alimasag o hipon sa kaserola at ibuhos ang gata ng niyog. Pakuluan ng 20-30 minuto hanggang maluto ang alimasag o hipon. Timplahan ng asin at paminta. Hanguin at ihain.",tinumok.jpg,40 minuto
Togue Guisado,"Togue, bawang, sibuyas, karot, patatas, baboy o tokwa, toyo, asin, paminta","Igisa ang bawang at sibuyas sa isang kawali. Idagdag ang baboy o tokwa at lutuin hanggang maging brown. Ilagay ang karot at patatas, lutuin ng 5-7 minuto. Idagdag ang togue, toyo, asin, at paminta. Haluin at lutuin ng 3-5 minuto. Hanguin at ihain.",togue_guisado.jpg,30 minuto
Tiyula Itum,"Karne ng baka, bawang, sibuyas, luya, paminta, tanglad, sili, niyog, asin, tubig","Pakuluan ang karne ng baka kasama ang bawang, sibuyas, luya, paminta, tanglad, at sili sa isang kaserola. Idagdag ang sinunog na niyog at lutuin ng 1-2 oras hanggang lumambot ang karne. Timplahan ng asin. Hanguin at ihain.",tiyula_itum.jpg,2 oras
Litson Manok,"Manok, bawang, sibuyas, tanglad, toyo, patis, asin, paminta, mantika","I-marinate ang manok sa toyo, patis, bawang, sibuyas, asin, at paminta ng 1-2 oras. Punuin ng tanglad ang loob ng manok. I-roast ang manok sa oven o ihaw sa uling ng 1-1.5 oras hanggang maluto at maging golden brown. Hanguin at ihain.",litson_manok.jpg,1 oras
Okoy,"Hipon, togue, kalabasa, sibuyas, bawang, itlog, harina, asin, paminta, mantika","Pagsamahin ang hipon, togue, kalabasa, sibuyas, bawang, itlog, at harina sa isang mangkok. Timplahan ng asin at paminta. Haluing mabuti. Mag-init ng mantika sa kawali at i-prito ang mixture sa maliit na patty sizes hanggang maging golden brown. Hanguin at patuluin ang mantika. Ihain kasama ng sawsawang suka.",okoy.jpg,20 minuto
Olan,"Isda, bawang, sibuyas, kamatis, sili, talong, sitaw, asin, paminta, suka, mantika ","Iprito ang isda hanggang maluto. Igisa ang bawang, sibuyas, kamatis, at sili sa mantika. Idagdag ang prinitong isda at gulay. Lagyan ng suka at pakuluan ng 10-15 minuto. Timplahan ng asin at paminta. Hanguin at ihain.",olan.jpg,30 minuto
Okra Salad,"Okra, kamatis, sibuyas, bagoong, suka, asin, paminta","Pakuluan ang okra hanggang maluto. Hiwain ang kamatis at sibuyas. Pagsamahin sa isang mangkok. Idagdag ang pinakuluang okra, bagoong, suka, asin, at paminta. Haluing mabuti. Hanguin at ihain.",okra_salad.jpg,20 minuto
Ensaladang Mangga,"Mangga, sibuyas, kamatis, bagoong, sili, asin","Hiwa-hiwain ang mangga, sibuyas, at kamatis. Pagsamahin sa isang mangkok kasama ang bagoong, sili, at asin. Haluin ng mabuti at ihain.",ensaladang_mangga.jpg,15 minuto
Empanadang Baboy,"Harina, mantika, bawang, sibuyas, giniling na baboy, patatas, karots, itlog, asin, paminta","Igisa ang bawang at sibuyas, idagdag ang giniling na baboy, patatas, at carrots. Lutuin hanggang maluto. Palamigin ang mixture, pagkatapos ay balutin sa harina na pinalambot na pabalat. Iprito hanggang maging golden brown.",empanadang_baboy.jpg,40 minuto
Ensaladang Linga,"Linga, kamatis, sibuyas, bagoong, suka, asin, paminta","I-toast ang linga sa kawali hanggang maging golden brown. Hiwa-hiwain ang kamatis at sibuyas, pagsamahin sa mangkok kasama ang bagoong, suka, asin, at paminta. Idagdag ang toasted linga, haluin, at ihain.",ensaladang_linga.jpg,15 minuto
Pancit Malabon,"Pancit malabon, bawang, sibuyas, hipon, tinapa, toyo, mantika, asin, paminta ",Igisa ang bawang at sibuyas sa mantika. Idagdag ang shrimp at tinapa. Lutuin ng ilang minuto. Ilagay ang pancit malabon noodles at toyo. Haluing mabuti. Timplahan ng asin at paminta. Lutuin hanggang maluto ang noodles.,pancit_malabon.jpg,40 minuto
Pinangat na Isda,"Isda, kamatis, sibuyas, bawang, bagoong, asin, paminta","Ilagay ang isda sa kaserola kasama ang kamatis, sibuyas, bawang, at bagoong. Pakuluan ng 15-20 minuto. Timplahan ng asin at paminta. Hanguin at ihain.",pinangat_na_isda.jpg,20 minuto
Wonton Soup,"Wonton wrappers, giniling na baboy, bawang, sibuyas, luya, sabaw ng manok, asin, paminta","Ihalo ang giniling na baboy o manok, bawang, sibuyas, luya, asin, at paminta. Maglagay ng kaunting mixture sa gitna ng bawat wonton wrapper at i-fold. Pakuluan ang sabaw ng manok at ilagay ang wontons. Lutuin hanggang lumutang. Timplahan ng asin at paminta. Ihain kasama ang scallions kung nais.",wonton_soup.jpg,20 minuto
Chicken Adobong Puti,"Manok, bawang, sibuyas, suka, toyo, asin, paminta","Igisa ang bawang at sibuyas, idagdag ang manok at lutuin hanggang mag-brown. Ibuhos ang suka at toy, pakuluan ng 30-45 minuto. Timplahan ng asin at paminta. Haluing mabuti at ihain.",chicken_adobong_puti.jpg,1 oras
Watermelon Salad,"Pakwan, bawang, sibuyas, bagoong, suka, asin, paminta","Hiwa-hiwain ang pakwan at ilagay sa isang mangkok. Idagdag ang bawang, sibuyas, bagoong, suka, asin, at paminta. Haluing mabuti at ihain.",watermelon_salad.jpg,10 minuto
White Bean Stew,"White beans, bawang, sibuyas, kamatis, sabaw ng manok, asin, paminta","Pakuluan ang white beans hanggang malambot. Igisa ang bawang at sibuyas, idagdag ang kamatis at lutuin hanggang mag-wilt. Idagdag ang beans at sabaw ng manok, pakuluan ng 10-15 minuto. Timplahan ng asin at paminta.",white_beans_stew.jpg,45 minuto
Wok Fried Rice,"Kanin, bawang, sibuyas, gulay, itlog, toyo, asin, paminta, mantika","Igisa ang bawang at sibuyas sa mantika. Idagdag ang gulay at lutuin ng ilang minuto. Idagdag ang kanin at haluin. Ibuhos ang toyo, asin, at paminta. Lutuin hanggang magkaisa ang lasa.",wok_fried_rice.jpg,20 minuto
Wonton Noodles ,"Wonton noodles, bawang, sibuyas, sabaw ng manok, asin, paminta","Pakuluan ang wonton noodles hanggang malambot. Ilagay ang wontons sa sabaw ng manok at pakuluan hanggang lumutang. Idagdag ang noodles sa sabaw, timplahan ng asin at paminta.",wonton_noodles.jpg,30 minuto
Danggit,"Danggit, asin, bawang",Iprito ang danggit sa mainit na mantika hanggang maging crispy. Hanguin at patuluin ang mantika. Ihain kasama ng kanin.,danggit.jpg,10 minuto
Dilis,"Dilis, asin, bawang, mantika",Iprito ang dilis sa mainit na mantika hanggang maging crispy. Hanguin at patuluin ang mantika. Timplahan ng asin at bawang kung nais.,dilis.jpg,15 minuto
Daing na Baboy,"Liempo, bawang, asin, paminta, suka","Timplahan ang liempo ng bawang, asin, paminta, at suka. I-marinate ng ilang oras o magdamag. Iprito ang liempo sa mainit na mantika hanggang maging crispy. Hanguin at patuluin ang mantika. Ihain.",daing_na_baboy.jpg,1 oras
Yakisoba,"Yakisoba noodles, bawang, sibuyas, karne, gulay, toyo, asin, worcestershire sauce, paminta, mantika","Igisa ang bawang at sibuyas sa mantika, idagdag ang karne at lutuin hanggang mag-brown. Idagdag ang mga gulay at lutuin ng ilang minuto. Idagdag ang yakisoba noodles at soy sauce. Haluing mabuti. Timplahan ng Worcestershire sauce, asin, at paminta. Lutuin hanggang magkaisa ang lasa.",yakisoba.jpg,30 minuto
Yema Cake,"Harina, asukal, itlog, condensada, mantikilya, baking powder","Ihalo ang flour, baking powder, at asukal sa isang mangkok. Ihalo ang egg yolks, condensed milk, at butter hanggang maghalo. Idagdag ang vanilla extract kung nais. Ibuhos ang mixture sa cake pan at i-bake sa 350°F hanggang maluto.",yema_cake.jpg,40 minuto
Tuna Sisig,"Tuna, bawang, sibuyas, sili, mayonnaise, toyo, kalamansi, asin, paminta, mantika","Igisa ang bawang at sibuyas sa mantika hanggang maging golden brown. Idagdag ang tuna at lutuin hanggang mag-brown. Timplahan ng toyom, calamansi, asin, at paminta. Idagdag ang mayonnaise at sili. Haluin ng mabuti.
Lutuin ng ilang minuto hanggang maghalo ang lasa.",tuna_sisig.jpg,30 minuto
Tuna Adobo,"Tuna, bawang, sibuyas, suka, sili, dahon ng laurel, asin, paminta, mantika","Igisa ang bawang at sibuyas sa mantika. Idagdag ang tuna at lutuin ng ilang minuto. Ibuhos ang suka at pakuluan hanggang mag-evaporate ang amoy. Idagdag ang toyo, bay leaves, asin, at paminta. Pakuluan hanggang maluto ang tuna.",tuna_adobo.jpg,40 minuto
Tuna Casserole,"Tuna, pasta, kabute, gatas, sibuyas, bawang, keso, asin, paminta, ","Lutuin ang pasta ayon sa paksahe. Igisa ang bawang at sibuyas, idagdag ang tuna at lutuin ng ilang minuto. Idagdag ang gatas. Haluing mabuti. Idagdag ang lutong pasta at half ng grated cheese. Haluin. Ilagay sa baking dish, budburan ng natirang cheese, at i-bake sa 350°F hanggang mag-melt ang keso.",tuna_casserole.jpg,40 minuto
Tuna Kilawin,"Tuna, kalamansi, bawang, sibuyas, sili, luya, asin, paminta","I-marinate ang tuna sa calamansi o lemon, asin, at paminta. Idagdag ang bawang, sibuyas, sili, at luya. Haluin. Palamigin ng ilang oras bago ihain.",tuna_kilawin.jpg,20 minuto
Tuna Pesto Pasta,"Tuna, pasta, pesto sauce, bawang, kesong parmesan, asin, paminta","Lutuin ang pasta ayon sa paksahe. Igisa ang bawang, idagdag ang tuna at lutuin ng ilang minuto. Idagdag ang pesto sauce at haluin. Idagdag ang lutong pasta at Parmesan cheese. Timplahan ng asin at paminta.",tuna_pesto_pasta.jpg,30 minuto
Tuna Salad,"Tuna, litsugas, kamatis, pipino, sibuyas, mayonnaise, mustard, asin, paminta","Haluin ang tuna, lettuce, cherry tomatoes, cucumber, at sibuyas. Ihalo ang mayonnaise at mustard. Timplahan ng asin at paminta. Haluin ng mabuti at ihain.",tuna_salad.jpg,15 minuto
Tuna Lumpia ,"Tuna, lumpia wrappers, sibuyas, bawang, karots, toyo, asin, paminta, suka","Igisa ang bawang at sibuyas, idagdag ang tuna at lutuin ng ilang minuto. Idagdag ang carrots. Timplahan ng soy sauce, asin, at paminta. Balutin ang mixture sa lumpia wrappers at i-prito sa mainit na mantika hanggang maging golden brown.",tuna_lumpia.jpg,30 minuto
Tuna Afritada,"Tuna, bawang, sibuyas, tomato sauce, patatas, karots, paminta, asin, mantika","Igisa ang bawang at sibuyas sa mantika. Idagdag ang tuna at lutuin ng ilang minuto. Idagdag ang tomato sauce at pakuluan ng 10 minuto. Idagdag ang patatas, carrots, at bell peppers. Lutuin hanggang malambot. Timplahan ng asin at paminta.",tuna_afritada.jpg,40 minuto
Tuna Tacos,"Tuna, tortillias, litsugas, kamatis, abokado, keso, salsa, asin, paminta","Haluin ang tuna sa salsa, asin, at paminta. I-assemble ang tacos sa tortillas, idagdag ang tuna, lettuce, tomato, avocado, at cheese. Ihain ng malamig.",tuna_taco.jpg,15 minuto
Tuna Stir-Fry,"Tuna, bawang, sibuyas, bell peppers, broccolli, toyo, sesame oil, asin, paminta","Igisa ang bawang at sibuyas sa sesame oil. Idagdag ang bell peppers at broccoli, lutuin ng ilang minuto. Idagdag ang tuna at soy sauce. Haluin ng mabuti. Timplahan ng asin at paminta. Lutuin hanggang magkaisa ang lasa.",tuna_stir_fry.jpg,30 minuto
Mackerel Sinigang,"Mackerel, bawang, sibuyas, kamatis, labanos, sitaw, kangkong, sinigang mix, asin, paminta","Pakuluan ang mackerel sa tubig hanggang maging luto. Idagdag ang bawang, sibuyas, at kamatis. Lutuin hanggang maglasa ang sabaw. Idagdag ang radish at sitaw. Lutuin hanggang malambot. Timplahan ng sinigang mix, asin, at paminta. Idagdag ang talbos ng kangkong bago i-serve.",mackerel_sinigang.jpg,40 minuto
Adobong Mackerel,"Mackerel, bawang, sibuyas, suka, toyo, dahon ng laurel, asin, paminta, mantika","Igisa ang bawang at sibuyas sa mantika. Idagdag ang mackerel at lutuin hanggang mag-brown. Ibuhos ang suka at pakuluan hanggang mag-evaporate ang amoy. Idagdag ang toyo, bay leaves, asin, at paminta. Pakuluan hanggang maluto.",adobong_mackerel.jpg,40 minuto
Paksiw na Mackerel,"Mackerel, bawang, sibuyas, luya, suka, asukal, asin","Igisa ang bawang, sibuyas, at luya sa mantika. Idagdag ang mackerel at lutuin ng ilang minuto. Ibuhos ang suka, asukal, bay leaves, asin, at paminta. Pakuluan hanggang maluto ang mackerel at magsama ang lasa.",paksiw_na_mackerel.jpg,30 minuto
Ginataang Mackerel,"Mackerel, bawang, sibuyas, luya, gata, dahon ng laurel, sitaw, asin, paminta","Igisa ang bawang, sibuyas, at luya sa mantika. Idagdag ang mackerel at lutuin ng ilang minuto. Ibuhos ang coconut milk at bay leaves. Pakuluan ng 10 minuto. Idagdag ang sitaw. Lutuin hanggang malambot ang sitaw at magsama ang lasa.",ginataang_mackerel.jpg,40 minuto
Mackerel Teriyaki,"Mackerel, bawang, sibuyas, toyo, asukal, mirin, asin, paminta","Igisa ang bawang at sibuyas sa mantika. Idagdag ang mackerel at lutuin hanggang mag-brown. Ibuhos ang soy sauce, mirin, at asukal. Haluin ng mabuti. Lutuin hanggang mag-thicken ang sauce. Timplahan ng asin at paminta.",mackerel_teriyaki.jpg,30 minuto
Mackerel Curry,"Bawang, mackerel, sibuyas, luya, curry powder, gata, patatas, karots, asin, paminta","Igisa ang bawang, sibuyas, at luya sa mantika. Idagdag ang mackerel at lutuin ng ilang minuto. Idagdag ang curry powder at haluin. Ibuhos ang coconut milk, patatas, at carrots. Pakuluan hanggang malambot ang gulay.",mackerel_curry.jpg,35 minuto
Mackerel Pancit Canton,"Mackerel, pancit canton noodles, bawang, sibuyas, karots, paminta, toyo, asin, mantika",Igisa ang bawang at sibuyas sa mantika. Idagdag ang mackerel at lutuin ng ilang minuto. Idagdag ang mga gulay at lutuin ng ilang minuto. Idagdag ang pancit canton noodles at soy sauce. Haluing mabuti.  Timplahan ng asin at paminta. Lutuin hanggang magkaisa ang lasa.,mackerel_pancit_canton.jpg,30 minuto
Paksiw Galunggong,"Galunggong, bawang, sibuyas, luya, suka, asukal, dahon ng laurel, asin, paminta","Igisa ang bawang, sibuyas, at luya sa mantika. Idagdag ang galunggong at lutuin ng ilang minuto. Ibuhos ang suka, asukal, bay leaves, asin, at paminta. Pakuluan hanggang maluto ang galunggong at magsama ang lasa.",paksiw_galunggong.jpg,40 minuto
Galunggong Adobo,"Galunggong, bawang, sibuyas, suka, toyo, dahon ng laurel, asin, paminta","Igisa ang bawang at sibuyas sa mantika. Idagdag ang galunggong at lutuin hanggang mag-brown. Ibuhos ang suka at pakuluan hanggang mag-evaporate ang amoy. Idagdag ang toyo, bay leaves, asin, at paminta. Pakuluan hanggang maluto.",galunggong_adobo.jpg,30 minuto
Ginataang Galunggong,"Galunggong, bawang, sibuyas, luya, gata, dahon ng laurel, sitaw, asin, paminta","Igisa ang bawang, sibuyas, at luya sa mantika. Idagdag ang galunggong at lutuin ng ilang minuto. Ibuhos ang coconut milk at bay leaves. Pakuluan ng 10 minuto.  Idagdag ang sitaw. Lutuin hanggang malambot ang sitaw at magsama ang lasa.",ginataang_galunggong.jpg,40 minuto
Adobong Sitaw,"Sitaw, bawang, sibuyas, suka, toyo, dahon ng laurel, asin, paminta, mantika","Igisa ang bawang at sibuyas sa mantika. Idagdag ang sitaw at lutuin hanggang magbago ang kulay. Ibuhos ang suka at pakuluan hanggang mag-evaporate ang amoy. Idagdag ang toyo, bay leaves, asin, at paminta. Pakuluan hanggang maluto ang sitaw.",adobong_sitaw.jpg,20 minuto
Ginataang Sitaw at Kalabasa,"Sitaw, kalabasa, bawang, sibuyas, gata, bagoong, asin, paminta, mantika","Igisa ang bawang at sibuyas sa mantika. Idagdag ang sitaw at kalabasa. Lutuin ng ilang minuto. Ibuhos ang coconut milk at pakuluan. Idagdag ang bagoong, asin, at paminta. Lutuin hanggang malambot ang kalabasa at sitaw.",ginataang_sitaw_at_kalabasa.jpg,40 minuto
Ginisang Sitaw,"Sitaw, bawang, sibuyas, kamatis, toyo, asin, paminta, mantika",Igisa ang bawang at sibuyas sa mantika. Idagdag ang tomato at lutuin ng ilang minuto. Idagdag ang sitaw at soy sauce. Haluin hanggang maluto. Timplahan ng asin at paminta.,ginisang_sitaw.jpg,30 minuto
Buko Pandan,"Buko, pandan, condensada, evaporada, asukal","Haluin ang buko, pandan jelly, condensed milk, evaporated milk, at asukal sa isang mangkok. Palamigin bago ihain.",buko_pandan.jpg,10 minuto
Ginataang Tokwa at Sitaw,"Tokwa, sitaw, gatas, bawang. sibuyas, luya, siling labuyo, asin at paminta","Igisa ang bawang, sibuyas, at luya hanggang maging mabango. Idagdag ang tokwa at lutuin hanggang maging light brown. Ihalo ang gata at sitaw, pagkatapos ay pakuluan. Lutuin hanggang lumambot ang sitaw at lumapot ang sauce. Timplahan ng asin at paminta. Ihain nang mainit.",ginataang_tokwa_at_sitaw.jpg,40 minuto
Adobong Tokwa,"Tokwa, soy sauce, suka, bawang, bay leaf, asin at paminta","Igisa ang bawang hanggang maging golden brown. Idagdag ang tokwa at lutuin hanggang maging light brown. Ihalo ang soy sauce, suka, bay leaf, asin, at paminta. Pakuluan. Lutuin hanggang sa ma-absorb ng tokwa ang sauce at lumapot ito. Ihain nang mainit na may kanin.",adobong_tokwa.jpg,30 minuto
Tokwa't Tausi,"Tokwa, tausi, bawang, sibuyas, asin at paminta",Igisa ang bawang at sibuyas hanggang maging mabango. Idagdag ang tokwa at lutuin hanggang maging light brown. Ihalo ang tausi at bell pepper. Lutuin ng ilang minuto. Timplahan ng asin at paminta bago ihain.,tokwat_tausi.jpg,30 minuto
Tokwa't Gulay,"Tokwa, pechay, talong, sitaw, bawang, sibuyas, soy sauce, asin at paminta",Igisa ang bawang at sibuyas hanggang maging mabango. Idagdag ang tokwa at lutuin hanggang maging light brown. Ihalo ang mga gulay at soy sauce. Lutuin hanggang lumambot ang mga gulay. Timplahan ng asin at paminta bago ihain.,tokwat_gulay.jpg,40 minuto
Mapo Tofu,"Tokwa, giniling na karne ng baboy, bawang, sibuyas, toyo, chili paste, oyster sauce, cornstarch, asin at paminta","Igisa ang bawang at sibuyas hanggang maging mabango. Idagdag ang giniling na karne ng baboy at lutuin hanggang maging brown. Ihalo ang tokwa, soy sauce, chili paste, oyster sauce, at cornstarch na tinunaw sa tubig. Pakuluan. Lutuin hanggang lumapot ang sauce. Timplahan ng asin at paminta bago ihain.",mapo_tofu.jpg,30 minuto
Spaghetti,"Spaghetti noodles, karne ng baboy, hotdogs, tomato sauce, banana ketchup, bawang, sibuyas, evaporada, asukal, keso, asin at paminta","Lutuin ang spaghetti noodles ayon sa instructions ng pakete. Itabi. Igisa ang bawang at sibuyas hanggang maging mabango. Idagdag ang ground pork o beef at lutuin hanggang maging brown. Ihalo ang hotdogs, tomato sauce, banana ketchup, at asukal. Pakuluan. Idagdag ang evaporated milk at lutuin ng ilang minuto. Timplahan ng asin at paminta. Ihalo ang nilutong spaghetti noodles sa sauce. Ihain na may grated cheese sa ibabaw.",spaghetti.jpg,40 minuto
Carbonara,"Spaghetti noodles, bacon, kabute, all purpose cream, itlog, kesong parmesan, bawang, sibuyas,",Lutuin ang noodles ayon sa instructions ng pakete. Itabi. I-prito ang bacon hanggang maging crispy. Itabi. Igisa ang bawang at sibuyas hanggang maging mabango. Idagdag ang mushroom at lutuin ng ilang minuto. Ihalo ang all-purpose cream at pakuluan. Idagdag ang egg yolks at lutuin ng ilang minuto. Timplahan ng asin at paminta. Ihalo ang noodles at bacon sa sauce. Ihain na may grated parmesan cheese sa ibabaw.,carbonara.jpg,40 minuto
Baked Macaroni,"Macaroni, ground beef, tomato sauce, bawang, sibuyas, red bell pepper, keso, all purpose cream, butter, breadcrumbs, asin at paminta","Lutuin ang macaroni noodles ayon sa instructions ng pakete. Itabi. Igisa ang bawang at sibuyas hanggang maging mabango. Idagdag ang ground pork o beef at lutuin hanggang maging brown. Ihalo ang tomato sauce at bell pepper. Pakuluan. Sa isang baking dish, ihalo ang noodles sa sauce. Budburan ng grated cheese at breadcrumbs sa ibabaw. I-bake sa preheated oven (180∞C) ng 20-30 minuto o hanggang maging golden brown ang ibabaw. Ihain nang mainit.",baked_macaroni.jpg,1 oras
Tuna Pasta,"Spaghetti, tuna, bawang, black olives, olive oil, parsley, keso, asin at paminta","Lutuin ang noodles ayon sa instructions ng pakete. Itabi. Igisa ang bawang at sibuyas sa olive oil hanggang maging mabango. Idagdag ang canned tuna kasama ang oil, capers, at black olives. Lutuin ng ilang minuto.
Ihalo ang nilutong noodles sa tuna mixture. Timplahan ng asin at paminta. Ihain na may grated parmesan cheese at parsley sa ibabaw.",tuna_pasta.jpg,30 minuto
Sardinas Pasta,"Spaghetti noodles, sardinas, bawang, sibuyas, sili flakes, olive oil, parsley, kalamansi juice, asin at paminta","Lutuin ang spaghetti noodles ayon sa instructions ng pakete. Itabi. Igisa ang bawang at sibuyas sa olive oil hanggang maging mabango. Idagdag ang red chili flakes. Ihalo ang canned sardines kasama ang sauce, at lutuin ng ilang minuto. Idagdag ang kalamansi juice at timplahan ng asin at paminta. Ihalo ang nilutong spaghetti noodles sa sardines mixture. Ihain na may parsley sa ibabaw.",sardinas_pasta.jpg,30 minuto
Lasagna,"Lasagna noodles, karne ng baboy, tomato sauce, bawang, sibuyas, bechamel sauce, keso, olive oil, asin at paminta","Lutuin ang lasagna noodles ayon sa instructions ng pakete. Itabi. Igisa ang bawang at sibuyas hanggang maging mabango. Idagdag ang ground pork o beef at lutuin hanggang maging brown. Ihalo ang tomato sauce at lutuin ng ilang minuto. Timplahan ng asin at paminta. Sa isang baking dish, ilayer ang lasagna noodles, meat sauce, at bechamel sauce. Ulitin ang proseso hanggang mapuno ang dish. Budburan ng grated cheese sa ibabaw. I-bake sa preheated oven (180∞C) ng 30-40 minuto o hanggang maging golden brown ang ibabaw. Ihain nang mainit.",lasagna.jpg,1 oras
Pesto Pasta,"Spaghetti noodles, dahon ng basil, bawang, olive oil, pine nuts, kesong parmesan, asin at paminta","Lutuin ang noodles ayon sa instructions ng pakete. Itabi. Sa isang blender o food processor, ihalo ang basil leaves, bawang, olive oil, pine nuts, at parmesan cheese. Timplahan ng asin at paminta. Ihalo ang pesto sauce sa nilutong noodles. Ihain na may grated parmesan cheese sa ibabaw.",pesto_pasta.jpg,25 minuto
Sopas,"Macaroni, chicken breast, karots, repolyo, hotdogs, evaporada, sabaw ng manok, bawang, sibuyas, asin at paminta ","Igisa ang bawang at sibuyas hanggang maging mabango. Idagdag ang manok at lutuin hanggang maging brown. Ihalo ang chicken broth at pakuluan. Idagdag ang macaroni noodles at lutuin hanggang lumambot. Ihalo ang carrots, repolyo, hotdogs, at evaporated milk. Timplahan ng asin at paminta. Ihain nang mainit.",sopas.jpg,40 minuto
Chicken Alfredo Pasta,"Fettuccine noodles, dibdib ng manok, all purpose cream, kesong parmesan, bawang, butter, asin at paminta, parsley ","Igisa ang bawang at sibuyas hanggang maging mabango. Idagdag ang manok at lutuin hanggang maging brown. Ihalo ang chicken broth at pakuluan. Idagdag ang macaroni noodles at lutuin hanggang lumambot. Ihalo ang carrots, repolyo, hotdogs, at evaporated milk. Timplahan ng asin at paminta. Ihain nang mainit.",chicken_alfredo_pasta.jpg,40 minuto
Alimasag sa Gata,"Alimasag, gata, bawang, sibuyas, luya, sili, sitaw, kalabasa, patis, asin at paminta","Igisa ang bawang, sibuyas, at luya hanggang maging mabango. Idagdag ang alimasag at lutuin hanggang magkulay orange ang mga ito. Ihalo ang gata at pakuluan. Timplahan ng patis, asin, at paminta. Idagdag ang sitaw, kalabasa, at sili kung nais. Pakuluan hanggang lumambot ang gulay at lumapot ang sauce. Ihain nang mainit kasama ng kanin.",alimasag_sa_gata.jpg,35 minuto
Ginataang Alimango,"Alimango, gata, bawang, sibuyas, luya, talong, sigarilyas, patis, sili, asin at paminta","Igisa ang bawang, sibuyas, at luya hanggang maging mabango. Idagdag ang alimango at lutuin hanggang maging orange ang kulay ng mga ito. Ihalo ang gata at pakuluan. Timplahan ng patis, asin, at paminta. Idagdag ang talong, sigarilyas, at sili kung nais. Lutuin hanggang lumambot ang gulay at lumapot ang sauce. Ihain nang mainit kasama ng kanin.",ginataang_alimango.jpg,40 minuto
Adidas,"Paa ng manok, toyo, suka, bawang, asin at paminta","Ibabad ang paa ng manok sa toyo, suka, bawang, asin, at paminta ng 1 oras. Tuhugin ang paa gamit ang barbecue stick. I-ihaw sa uling hanggang maluto at maging crispy. Ihain na may suka at sili bilang sawsawan.",adidas.jpg,25 minuto
Penoy,"Penoy, suka, asin ",Pakuluan ang penoy sa tubig ng 15-20 minuto. Balatan at ihain habang mainit na may suka at asin.,penoy.jpg,20 minuto
Tenga ng baboy,"Tenga ng baboy, toyo, suka, bawang, asin at paminta","Ibabad ang tenga ng baboy sa toyo, suka, bawang, asin, at paminta ng 1 oras. Tuhugin ang tenga gamit ang barbecue stick. I-ihaw sa uling hanggang maging crispy. Ihain na may suka at sili bilang sawsawan.",tenga_ng_baboy.jpg,25 minuto
Fishball,"Fishball mix, processed fish, mantika",Bumuo ng maliit na bola mula sa fishball mix. Iprito sa mainit na mantika hanggang maging golden brown. Ihain kasama ng sawsawan.,fishball.jpg,20 minuto
